name,primary_muscle,secondary_muscles,equipment,category,level
3/4 Sit-Up,abdominals,,body only,strength,beginner
90/90 Hamstring,hamstrings,calves,body only,stretching,beginner
Ab Crunch Machine,abdominals,,machine,strength,intermediate
Ab Roller,abdominals,shoulders,other,strength,intermediate
Adductor,adductors,,foam roll,stretching,intermediate
Adductor/Groin,adductors,,,stretching,intermediate
Advanced Kettlebell Windmill,abdominals,"glutes, hamstrings, shoulders",kettlebells,strength,intermediate
Air Bike,abdominals,,body only,strength,beginner
All Fours Quad Stretch,quadriceps,quadriceps,body only,stretching,intermediate
Alternate Hammer Curl,biceps,forearms,dumbbell,strength,beginner
Alternate Heel Touchers,abdominals,,body only,strength,beginner
Alternate Incline Dumbbell Curl,biceps,forearms,dumbbell,strength,beginner
Alternate Leg Diagonal Bound,quadriceps,"abductors, adductors, calves, glutes, hamstrings",,plyometrics,beginner
Alternating Cable Shoulder Press,shoulders,triceps,cable,strength,beginner
Alternating Deltoid Raise,shoulders,,dumbbell,strength,beginner
Alternating Floor Press,chest,"abdominals, shoulders, triceps",kettlebells,strength,beginner
Alternating Hang Clean,hamstrings,"biceps, calves, forearms, glutes, lower back, traps",kettlebells,strength,intermediate
Alternating Kettlebell Press,shoulders,triceps,kettlebells,strength,intermediate
Alternating Kettlebell Row,middle back,"biceps, lats",kettlebells,strength,intermediate
Alternating Renegade Row,middle back,"abdominals, biceps, chest, lats, triceps",kettlebells,strength,expert
Ankle Circles,calves,,,stretching,beginner
Ankle On The Knee,glutes,,,stretching,beginner
Anterior Tibialis-SMR,calves,,other,stretching,intermediate
Anti-Gravity Press,shoulders,"middle back, traps, triceps",barbell,strength,beginner
Arm Circles,shoulders,traps,,stretching,beginner
Arnold Dumbbell Press,shoulders,triceps,dumbbell,strength,intermediate
Around The Worlds,chest,shoulders,dumbbell,strength,intermediate
Atlas Stone Trainer,lower back,"biceps, forearms, glutes, hamstrings, quadriceps",other,strongman,intermediate
Atlas Stones,lower back,"abdominals, adductors, biceps, calves, forearms, glutes, hamstrings, middle back, quadriceps, traps",other,strongman,expert
Axle Deadlift,lower back,"forearms, glutes, hamstrings, middle back, quadriceps, traps",other,strongman,intermediate
Back Flyes - With Bands,shoulders,"middle back, triceps",bands,strength,beginner
Backward Drag,quadriceps,"calves, forearms, glutes, hamstrings, lower back",other,strongman,beginner
Backward Medicine Ball Throw,shoulders,,medicine ball,plyometrics,beginner
Balance Board,calves,"hamstrings, quadriceps",other,strength,beginner
Ball Leg Curl,hamstrings,"calves, glutes",exercise ball,strength,beginner
Band Assisted Pull-Up,lats,"abdominals, forearms, middle back",other,strength,beginner
Band Good Morning,hamstrings,"glutes, lower back",bands,powerlifting,beginner
Band Good Morning (Pull Through),hamstrings,"glutes, lower back",bands,powerlifting,beginner
Band Hip Adductions,adductors,,bands,strength,beginner
Band Pull Apart,shoulders,"middle back, traps",bands,strength,beginner
Band Skull Crusher,triceps,,bands,strength,beginner
Barbell Ab Rollout,abdominals,"lower back, shoulders",barbell,strength,intermediate
Barbell Ab Rollout - On Knees,abdominals,"lower back, shoulders",barbell,strength,expert
Barbell Bench Press - Medium Grip,chest,"shoulders, triceps",barbell,strength,beginner
Barbell Curl,biceps,forearms,barbell,strength,beginner
Barbell Curls Lying Against An Incline,biceps,,barbell,strength,beginner
Barbell Deadlift,lower back,"calves, forearms, glutes, hamstrings, lats, middle back, quadriceps, traps",barbell,strength,intermediate
Barbell Full Squat,quadriceps,"calves, glutes, hamstrings, lower back",barbell,strength,intermediate
Barbell Glute Bridge,glutes,"calves, hamstrings",barbell,powerlifting,intermediate
Barbell Guillotine Bench Press,chest,"shoulders, triceps",barbell,strength,intermediate
Barbell Hack Squat,quadriceps,"calves, forearms, hamstrings",barbell,strength,intermediate
Barbell Hip Thrust,glutes,"calves, hamstrings",barbell,powerlifting,intermediate
Barbell Incline Bench Press - Medium Grip,chest,"shoulders, triceps",barbell,strength,beginner
Barbell Incline Shoulder Raise,shoulders,chest,barbell,strength,beginner
Barbell Lunge,quadriceps,"calves, glutes, hamstrings",barbell,strength,intermediate
Barbell Rear Delt Row,shoulders,"biceps, lats, middle back",barbell,strength,beginner
Barbell Rollout from Bench,abdominals,"glutes, hamstrings, lats, shoulders",barbell,strength,intermediate
Barbell Seated Calf Raise,calves,,barbell,strength,beginner
Barbell Shoulder Press,shoulders,"chest, triceps",barbell,strength,intermediate
Barbell Shrug,traps,,barbell,strength,beginner
Barbell Shrug Behind The Back,traps,"forearms, middle back",barbell,strength,beginner
Barbell Side Bend,abdominals,lower back,barbell,strength,beginner
Barbell Side Split Squat,quadriceps,"calves, hamstrings, lower back",barbell,strength,beginner
Barbell Squat,quadriceps,"calves, glutes, hamstrings, lower back",barbell,strength,beginner
Barbell Squat To A Bench,quadriceps,"calves, glutes, hamstrings, lower back",barbell,strength,expert
Barbell Step Ups,quadriceps,"calves, glutes, hamstrings, quadriceps",barbell,strength,intermediate
Barbell Walking Lunge,quadriceps,"calves, glutes, hamstrings",barbell,strength,beginner
Battling Ropes,shoulders,"chest, forearms",other,strength,beginner
Bear Crawl Sled Drags,quadriceps,"calves, glutes, hamstrings",other,strongman,beginner
Behind Head Chest Stretch,chest,shoulders,other,stretching,expert
Bench Dips,triceps,"chest, shoulders",body only,strength,beginner
Bench Jump,quadriceps,"calves, glutes, hamstrings",body only,plyometrics,intermediate
Bench Press - Powerlifting,triceps,"chest, forearms, lats, shoulders",barbell,powerlifting,intermediate
Bench Press - With Bands,chest,"shoulders, triceps",bands,strength,beginner
Bench Press with Chains,triceps,"chest, lats, shoulders",barbell,powerlifting,expert
Bench Sprint,quadriceps,"calves, glutes, hamstrings",other,plyometrics,beginner
Bent-Arm Barbell Pullover,lats,"chest, lats, shoulders, triceps",barbell,strength,intermediate
Bent-Arm Dumbbell Pullover,chest,"lats, shoulders, triceps",dumbbell,strength,intermediate
Bent-Knee Hip Raise,abdominals,,body only,strength,beginner
Bent Over Barbell Row,middle back,"biceps, lats, shoulders",barbell,strength,beginner
Bent Over Dumbbell Rear Delt Raise With Head On Bench,shoulders,,dumbbell,strength,beginner
Bent Over Low-Pulley Side Lateral,shoulders,"lower back, middle back, traps",cable,strength,beginner
Bent Over One-Arm Long Bar Row,middle back,"biceps, lats, lower back, traps",barbell,strength,beginner
Bent Over Two-Arm Long Bar Row,middle back,"biceps, lats",barbell,strength,intermediate
Bent Over Two-Dumbbell Row,middle back,"biceps, lats, shoulders",dumbbell,strength,beginner
Bent Over Two-Dumbbell Row With Palms In,middle back,"biceps, lats",dumbbell,strength,beginner
Bent Press,abdominals,"glutes, hamstrings, lower back, quadriceps, shoulders, triceps",kettlebells,strength,expert
Bicycling,quadriceps,"calves, glutes, hamstrings",other,cardio,beginner
"Bicycling, Stationary",quadriceps,"calves, glutes, hamstrings",machine,cardio,beginner
Board Press,triceps,"chest, forearms, lats, shoulders",barbell,powerlifting,intermediate
Body-Up,triceps,"abdominals, forearms",body only,strength,intermediate
Body Tricep Press,triceps,,body only,strength,beginner
Bodyweight Flyes,chest,"abdominals, shoulders, triceps",e-z curl bar,strength,intermediate
Bodyweight Mid Row,middle back,"biceps, lats",other,strength,intermediate
Bodyweight Squat,quadriceps,"glutes, hamstrings",body only,strength,beginner
Bodyweight Walking Lunge,quadriceps,"calves, glutes, hamstrings",,strength,beginner
Bosu Ball Cable Crunch With Side Bends,abdominals,,cable,strength,beginner
Bottoms-Up Clean From The Hang Position,forearms,"biceps, shoulders",kettlebells,strength,intermediate
Bottoms Up,abdominals,,body only,strength,beginner
Box Jump (Multiple Response),hamstrings,"abductors, adductors, calves, glutes, quadriceps",other,plyometrics,beginner
Box Skip,hamstrings,"abductors, adductors, calves, glutes, quadriceps",other,plyometrics,beginner
Box Squat,quadriceps,"adductors, calves, glutes, hamstrings, lower back",barbell,powerlifting,intermediate
Box Squat with Bands,quadriceps,"abductors, adductors, calves, glutes, hamstrings, lower back",barbell,powerlifting,expert
Box Squat with Chains,quadriceps,"abductors, adductors, calves, glutes, hamstrings, lower back",barbell,strength,expert
Brachialis-SMR,biceps,,foam roll,stretching,intermediate
Bradford/Rocky Presses,shoulders,triceps,barbell,strength,beginner
Butt-Ups,abdominals,,body only,strength,beginner
Butt Lift (Bridge),glutes,hamstrings,body only,strength,beginner
Butterfly,chest,,machine,strength,beginner
Cable Chest Press,chest,"shoulders, triceps",cable,strength,beginner
Cable Crossover,chest,shoulders,cable,strength,beginner
Cable Crunch,abdominals,,cable,strength,beginner
Cable Deadlifts,quadriceps,"forearms, glutes, hamstrings, lower back",cable,strength,beginner
Cable Hammer Curls - Rope Attachment,biceps,,cable,strength,beginner
Cable Hip Adduction,quadriceps,,cable,strength,beginner
Cable Incline Pushdown,lats,,cable,strength,beginner
Cable Incline Triceps Extension,triceps,,cable,strength,beginner
Cable Internal Rotation,shoulders,,cable,strength,beginner
Cable Iron Cross,chest,,cable,strength,beginner
Cable Judo Flip,abdominals,,cable,strength,beginner
Cable Lying Triceps Extension,triceps,,cable,strength,beginner
Cable One Arm Tricep Extension,triceps,,cable,strength,beginner
Cable Preacher Curl,biceps,forearms,cable,strength,beginner
Cable Rear Delt Fly,shoulders,,cable,strength,beginner
Cable Reverse Crunch,abdominals,,cable,strength,beginner
Cable Rope Overhead Triceps Extension,triceps,,cable,strength,beginner
Cable Rope Rear-Delt Rows,shoulders,"biceps, middle back",cable,strength,beginner
Cable Russian Twists,abdominals,,cable,strength,beginner
Cable Seated Crunch,abdominals,,cable,strength,beginner
Cable Seated Lateral Raise,shoulders,"middle back, traps",cable,strength,beginner
Cable Shoulder Press,shoulders,triceps,cable,strength,beginner
Cable Shrugs,traps,,cable,strength,beginner
Cable Wrist Curl,forearms,,cable,strength,beginner
Calf-Machine Shoulder Shrug,traps,,machine,strength,beginner
Calf Press,calves,,machine,strength,beginner
Calf Press On The Leg Press Machine,calves,,machine,strength,beginner
Calf Raise On A Dumbbell,calves,,dumbbell,strength,intermediate
Calf Raises - With Bands,calves,,bands,strength,beginner
Calf Stretch Elbows Against Wall,calves,,,stretching,beginner
Calf Stretch Hands Against Wall,calves,,,stretching,beginner
Calves-SMR,calves,,foam roll,stretching,intermediate
Car Deadlift,quadriceps,"forearms, glutes, hamstrings, lower back, traps",other,strongman,intermediate
Car Drivers,shoulders,forearms,barbell,strength,beginner
Carioca Quick Step,adductors,"abdominals, abductors, calves, glutes, hamstrings, quadriceps",,plyometrics,beginner
Cat Stretch,lower back,"middle back, traps",,stretching,beginner
Catch and Overhead Throw,lats,"abdominals, chest, shoulders",medicine ball,plyometrics,beginner
Chain Handle Extension,triceps,,other,powerlifting,intermediate
Chain Press,chest,"shoulders, triceps",other,powerlifting,intermediate
Chair Leg Extended Stretch,hamstrings,adductors,other,stretching,beginner
Chair Lower Back Stretch,lats,lower back,,stretching,beginner
Chair Squat,quadriceps,"calves, glutes, hamstrings",machine,strength,beginner
Chair Upper Body Stretch,shoulders,"biceps, chest",other,stretching,beginner
Chest And Front Of Shoulder Stretch,chest,shoulders,other,stretching,beginner
Chest Push from 3 point stance,chest,"abdominals, shoulders, triceps",medicine ball,plyometrics,beginner
Chest Push (multiple response),chest,"abdominals, shoulders, triceps",medicine ball,plyometrics,beginner
Chest Push (single response),chest,"abdominals, shoulders, triceps",medicine ball,plyometrics,beginner
Chest Push with Run Release,chest,"abdominals, shoulders, triceps",medicine ball,plyometrics,beginner
Chest Stretch on Stability Ball,chest,,exercise ball,stretching,beginner
Child's Pose,lower back,"glutes, middle back",,stretching,beginner
Chin-Up,lats,"biceps, forearms, middle back",body only,strength,beginner
Chin To Chest Stretch,neck,traps,,stretching,beginner
Circus Bell,shoulders,"forearms, glutes, hamstrings, lower back, traps, triceps",other,strongman,expert
Clean,hamstrings,"calves, forearms, glutes, lower back, quadriceps, shoulders, traps",barbell,olympic weightlifting,intermediate
Clean Deadlift,hamstrings,"forearms, glutes, lower back, middle back, quadriceps, traps",barbell,olympic weightlifting,beginner
Clean Pull,quadriceps,"forearms, glutes, hamstrings, lower back, traps",barbell,olympic weightlifting,intermediate
Clean Shrug,traps,"forearms, shoulders",barbell,olympic weightlifting,beginner
Clean and Jerk,shoulders,"abdominals, glutes, hamstrings, lower back, quadriceps, traps, triceps",barbell,olympic weightlifting,expert
Clean and Press,shoulders,"abdominals, calves, glutes, hamstrings, lower back, middle back, quadriceps, shoulders, traps, triceps",barbell,strength,intermediate
Clean from Blocks,quadriceps,"calves, glutes, hamstrings, shoulders, traps",barbell,olympic weightlifting,intermediate
Clock Push-Up,chest,"shoulders, triceps",body only,strength,intermediate
Close-Grip Barbell Bench Press,triceps,"chest, shoulders",barbell,strength,beginner
Close-Grip Dumbbell Press,triceps,"chest, shoulders",dumbbell,strength,beginner
Close-Grip EZ-Bar Curl with Band,biceps,forearms,e-z curl bar,strength,beginner
Close-Grip EZ-Bar Press,triceps,"chest, shoulders",e-z curl bar,strength,beginner
Close-Grip EZ Bar Curl,biceps,forearms,barbell,strength,beginner
Close-Grip Front Lat Pulldown,lats,"biceps, middle back, shoulders",cable,strength,beginner
Close-Grip Push-Up off of a Dumbbell,triceps,"abdominals, chest, shoulders",body only,strength,intermediate
Close-Grip Standing Barbell Curl,biceps,forearms,barbell,strength,beginner
Cocoons,abdominals,,body only,strength,beginner
Conan's Wheel,quadriceps,"abdominals, biceps, calves, forearms, lower back, shoulders, traps",other,strongman,intermediate
Concentration Curls,biceps,forearms,dumbbell,strength,beginner
Cross-Body Crunch,abdominals,,body only,strength,beginner
Cross Body Hammer Curl,biceps,forearms,dumbbell,strength,beginner
Cross Over - With Bands,chest,"biceps, shoulders",bands,strength,beginner
Crossover Reverse Lunge,lower back,"abdominals, abductors, glutes, hamstrings, quadriceps",,stretching,intermediate
Crucifix,shoulders,forearms,other,strongman,beginner
Crunch - Hands Overhead,abdominals,,body only,strength,beginner
Crunch - Legs On Exercise Ball,abdominals,,body only,strength,beginner
Crunches,abdominals,,body only,strength,beginner
Cuban Press,shoulders,traps,dumbbell,strength,intermediate
Dancer's Stretch,lower back,"abductors, glutes",,stretching,beginner
Dead Bug,abdominals,,body only,strength,beginner
Deadlift with Bands,lower back,"forearms, glutes, hamstrings, middle back, quadriceps, traps",barbell,powerlifting,expert
Deadlift with Chains,lower back,"forearms, glutes, hamstrings, middle back, quadriceps, traps",barbell,powerlifting,expert
Decline Barbell Bench Press,chest,"shoulders, triceps",barbell,strength,beginner
Decline Close-Grip Bench To Skull Crusher,triceps,"chest, shoulders",barbell,strength,intermediate
Decline Crunch,abdominals,,body only,strength,intermediate
Decline Dumbbell Bench Press,chest,"shoulders, triceps",dumbbell,strength,beginner
Decline Dumbbell Flyes,chest,,dumbbell,strength,beginner
Decline Dumbbell Triceps Extension,triceps,,dumbbell,strength,beginner
Decline EZ Bar Triceps Extension,triceps,,barbell,strength,beginner
Decline Oblique Crunch,abdominals,,body only,strength,beginner
Decline Push-Up,chest,"shoulders, triceps",,strength,beginner
Decline Reverse Crunch,abdominals,,body only,strength,beginner
Decline Smith Press,chest,"shoulders, triceps",machine,strength,beginner
Deficit Deadlift,lower back,"forearms, glutes, hamstrings, middle back, quadriceps, traps",barbell,powerlifting,intermediate
Depth Jump Leap,quadriceps,"abductors, adductors, calves, glutes, hamstrings",other,plyometrics,beginner
Dip Machine,triceps,"chest, shoulders",machine,strength,beginner
Dips - Chest Version,chest,"shoulders, triceps",other,strength,intermediate
Dips - Triceps Version,triceps,"chest, shoulders",body only,strength,beginner
Donkey Calf Raises,calves,,other,strength,intermediate
Double Kettlebell Alternating Hang Clean,hamstrings,"biceps, calves, forearms, glutes, lower back, quadriceps, traps",kettlebells,strength,intermediate
Double Kettlebell Jerk,shoulders,"calves, quadriceps, triceps",kettlebells,strength,intermediate
Double Kettlebell Push Press,shoulders,"calves, quadriceps, triceps",kettlebells,strength,intermediate
Double Kettlebell Snatch,shoulders,"glutes, hamstrings, quadriceps",kettlebells,strength,expert
Double Kettlebell Windmill,abdominals,"glutes, hamstrings, shoulders, triceps",kettlebells,strength,intermediate
Double Leg Butt Kick,quadriceps,"abductors, adductors, calves, glutes, hamstrings",body only,plyometrics,beginner
Downward Facing Balance,glutes,"abdominals, hamstrings",exercise ball,strength,intermediate
Drag Curl,biceps,forearms,barbell,strength,intermediate
Drop Push,chest,"shoulders, triceps",other,plyometrics,intermediate
Dumbbell Alternate Bicep Curl,biceps,forearms,dumbbell,strength,beginner
Dumbbell Bench Press,chest,"shoulders, triceps",dumbbell,strength,beginner
Dumbbell Bench Press with Neutral Grip,chest,"shoulders, triceps",dumbbell,strength,beginner
Dumbbell Bicep Curl,biceps,forearms,dumbbell,strength,beginner
Dumbbell Clean,hamstrings,"calves, forearms, glutes, lower back, quadriceps, shoulders, traps",dumbbell,strength,intermediate
Dumbbell Floor Press,triceps,"chest, shoulders",dumbbell,powerlifting,intermediate
Dumbbell Flyes,chest,,dumbbell,strength,beginner
Dumbbell Incline Row,middle back,"biceps, forearms, lats, shoulders",dumbbell,strength,beginner
Dumbbell Incline Shoulder Raise,shoulders,triceps,dumbbell,strength,beginner
Dumbbell Lunges,quadriceps,"calves, glutes, hamstrings",dumbbell,strength,beginner
Dumbbell Lying One-Arm Rear Lateral Raise,shoulders,middle back,dumbbell,strength,intermediate
Dumbbell Lying Pronation,forearms,,dumbbell,strength,intermediate
Dumbbell Lying Rear Lateral Raise,shoulders,,dumbbell,strength,intermediate
Dumbbell Lying Supination,forearms,,dumbbell,strength,intermediate
Dumbbell One-Arm Shoulder Press,shoulders,triceps,dumbbell,strength,intermediate
Dumbbell One-Arm Triceps Extension,triceps,,dumbbell,strength,intermediate
Dumbbell One-Arm Upright Row,shoulders,"biceps, traps",dumbbell,strength,intermediate
Dumbbell Prone Incline Curl,biceps,,dumbbell,strength,intermediate
Dumbbell Raise,shoulders,biceps,dumbbell,strength,beginner
Dumbbell Rear Lunge,quadriceps,"calves, glutes, hamstrings",dumbbell,strength,intermediate
Dumbbell Scaption,shoulders,traps,dumbbell,strength,beginner
Dumbbell Seated Box Jump,quadriceps,"calves, glutes, hamstrings",dumbbell,plyometrics,intermediate
Dumbbell Seated One-Leg Calf Raise,calves,,dumbbell,strength,beginner
Dumbbell Shoulder Press,shoulders,triceps,dumbbell,strength,intermediate
Dumbbell Shrug,traps,,dumbbell,strength,beginner
Dumbbell Side Bend,abdominals,,dumbbell,strength,beginner
Dumbbell Squat,quadriceps,"calves, glutes, hamstrings, lower back",dumbbell,strength,beginner
Dumbbell Squat To A Bench,quadriceps,"calves, glutes, hamstrings, lower back",dumbbell,strength,intermediate
Dumbbell Step Ups,quadriceps,"calves, glutes, hamstrings",dumbbell,strength,intermediate
Dumbbell Tricep Extension -Pronated Grip,triceps,,dumbbell,strength,beginner
Dynamic Back Stretch,lats,,,stretching,beginner
Dynamic Chest Stretch,chest,middle back,,stretching,beginner
EZ-Bar Curl,biceps,,e-z curl bar,strength,beginner
EZ-Bar Skullcrusher,triceps,forearms,e-z curl bar,strength,beginner
Elbow Circles,shoulders,traps,,stretching,beginner
Elbow to Knee,abdominals,,body only,strength,beginner
Elbows Back,chest,shoulders,,stretching,beginner
Elevated Back Lunge,quadriceps,"glutes, hamstrings",barbell,strength,intermediate
Elevated Cable Rows,lats,"middle back, traps",cable,strength,intermediate
Elliptical Trainer,quadriceps,"calves, glutes, hamstrings",machine,cardio,intermediate
Exercise Ball Crunch,abdominals,,exercise ball,strength,beginner
Exercise Ball Pull-In,abdominals,,exercise ball,strength,beginner
Extended Range One-Arm Kettlebell Floor Press,chest,"shoulders, triceps",kettlebells,strength,beginner
External Rotation,shoulders,,dumbbell,strength,beginner
External Rotation with Band,shoulders,,bands,strength,beginner
External Rotation with Cable,shoulders,,cable,strength,beginner
Face Pull,shoulders,middle back,cable,strength,intermediate
Farmer's Walk,forearms,"abdominals, glutes, hamstrings, lower back, quadriceps, traps",other,strongman,intermediate
Fast Skipping,quadriceps,"abductors, adductors, calves, glutes, hamstrings",body only,plyometrics,beginner
Finger Curls,forearms,,barbell,strength,beginner
Flat Bench Cable Flyes,chest,,cable,strength,intermediate
Flat Bench Leg Pull-In,abdominals,,body only,strength,beginner
Flat Bench Lying Leg Raise,abdominals,,body only,strength,beginner
Flexor Incline Dumbbell Curls,biceps,,dumbbell,strength,beginner
Floor Glute-Ham Raise,hamstrings,"calves, glutes",,strength,intermediate
Floor Press,triceps,"chest, shoulders",barbell,powerlifting,intermediate
Floor Press with Chains,triceps,"chest, shoulders",barbell,powerlifting,intermediate
Flutter Kicks,glutes,hamstrings,body only,strength,beginner
Foot-SMR,calves,,other,stretching,intermediate
Forward Drag with Press,chest,"calves, glutes, hamstrings, quadriceps, shoulders, triceps",other,strongman,intermediate
Frankenstein Squat,quadriceps,"abdominals, calves, glutes, hamstrings",barbell,olympic weightlifting,intermediate
Freehand Jump Squat,quadriceps,"calves, glutes, hamstrings",body only,strength,intermediate
Frog Hops,quadriceps,"calves, glutes, hamstrings",,stretching,intermediate
Frog Sit-Ups,abdominals,,body only,strength,intermediate
Front Barbell Squat,quadriceps,"calves, glutes, hamstrings",barbell,strength,expert
Front Barbell Squat To A Bench,quadriceps,"calves, glutes, hamstrings",barbell,strength,expert
Front Box Jump,hamstrings,"abductors, adductors, calves, glutes, quadriceps",other,plyometrics,beginner
Front Cable Raise,shoulders,,cable,strength,beginner
Front Cone Hops (or hurdle hops),quadriceps,"abductors, adductors, calves, glutes, hamstrings",other,plyometrics,beginner
Front Dumbbell Raise,shoulders,,dumbbell,strength,beginner
Front Incline Dumbbell Raise,shoulders,,dumbbell,strength,beginner
Front Leg Raises,hamstrings,,body only,stretching,beginner
Front Plate Raise,shoulders,,other,strength,intermediate
Front Raise And Pullover,chest,"lats, shoulders, triceps",barbell,strength,beginner
Front Squat (Clean Grip),quadriceps,"abdominals, glutes, hamstrings",barbell,strength,intermediate
Front Squats With Two Kettlebells,quadriceps,"calves, glutes",kettlebells,strength,intermediate
Front Two-Dumbbell Raise,shoulders,,dumbbell,strength,beginner
Full Range-Of-Motion Lat Pulldown,lats,"biceps, middle back, shoulders",cable,strength,intermediate
Gironda Sternum Chins,lats,"biceps, middle back",other,strength,intermediate
Glute Ham Raise,hamstrings,"calves, glutes",machine,powerlifting,intermediate
Glute Kickback,glutes,hamstrings,body only,strength,beginner
Goblet Squat,quadriceps,"calves, glutes, hamstrings, shoulders",kettlebells,strength,beginner
Good Morning,hamstrings,"abdominals, glutes, lower back",barbell,powerlifting,intermediate
Good Morning off Pins,hamstrings,"abdominals, glutes, lower back",barbell,powerlifting,intermediate
Gorilla Chin/Crunch,abdominals,"biceps, lats",body only,strength,intermediate
Groin and Back Stretch,adductors,,,stretching,intermediate
Groiners,adductors,,body only,stretching,intermediate
Hack Squat,quadriceps,"calves, glutes, hamstrings",machine,strength,beginner
Hammer Curls,biceps,,dumbbell,strength,beginner
Hammer Grip Incline DB Bench Press,chest,"shoulders, triceps",dumbbell,strength,beginner
Hamstring-SMR,hamstrings,,foam roll,stretching,beginner
Hamstring Stretch,hamstrings,,,stretching,beginner
Handstand Push-Ups,shoulders,triceps,body only,strength,expert
Hang Clean,quadriceps,"calves, forearms, glutes, hamstrings, lower back, shoulders, traps",barbell,olympic weightlifting,intermediate
Hang Clean - Below the Knees,quadriceps,"calves, forearms, glutes, hamstrings, lower back, shoulders, traps",barbell,olympic weightlifting,intermediate
Hang Snatch,hamstrings,"abdominals, calves, forearms, glutes, lower back, quadriceps, shoulders, traps",barbell,olympic weightlifting,expert
Hang Snatch - Below Knees,hamstrings,"abdominals, calves, forearms, glutes, lower back, quadriceps, shoulders, traps",barbell,olympic weightlifting,expert
Hanging Bar Good Morning,hamstrings,"abdominals, glutes, lower back",barbell,powerlifting,intermediate
Hanging Leg Raise,abdominals,,body only,strength,expert
Hanging Pike,abdominals,,body only,strength,expert
Heaving Snatch Balance,quadriceps,"abdominals, forearms, glutes, hamstrings, shoulders, triceps",barbell,olympic weightlifting,intermediate
Heavy Bag Thrust,chest,"abdominals, shoulders, triceps",other,plyometrics,beginner
High Cable Curls,biceps,,cable,strength,intermediate
Hip Circles (prone),abductors,adductors,body only,stretching,beginner
Hip Extension with Bands,glutes,hamstrings,bands,strength,beginner
Hip Flexion with Band,quadriceps,,bands,strength,beginner
Hip Lift with Band,glutes,"calves, hamstrings",bands,powerlifting,beginner
Hug A Ball,lower back,"calves, glutes",exercise ball,stretching,beginner
Hug Knees To Chest,lower back,glutes,,stretching,beginner
Hurdle Hops,hamstrings,"abductors, adductors, calves, glutes, hamstrings",other,plyometrics,beginner
Hyperextensions (Back Extensions),lower back,"glutes, hamstrings",other,strength,beginner
Hyperextensions With No Hyperextension Bench,lower back,"glutes, hamstrings",body only,strength,intermediate
IT Band and Glute Stretch,abductors,,other,stretching,intermediate
Iliotibial Tract-SMR,abductors,,foam roll,stretching,intermediate
Inchworm,hamstrings,,body only,stretching,beginner
Incline Barbell Triceps Extension,triceps,forearms,barbell,strength,intermediate
Incline Bench Pull,middle back,"lats, shoulders",barbell,strength,beginner
Incline Cable Chest Press,chest,"shoulders, triceps",cable,strength,beginner
Incline Cable Flye,chest,shoulders,cable,strength,intermediate
Incline Dumbbell Bench With Palms Facing In,chest,"shoulders, triceps",dumbbell,strength,beginner
Incline Dumbbell Curl,biceps,,dumbbell,strength,beginner
Incline Dumbbell Flyes,chest,shoulders,dumbbell,strength,beginner
Incline Dumbbell Flyes - With A Twist,chest,shoulders,dumbbell,strength,beginner
Incline Dumbbell Press,chest,"shoulders, triceps",dumbbell,strength,beginner
Incline Hammer Curls,biceps,,dumbbell,strength,beginner
Incline Inner Biceps Curl,biceps,,dumbbell,strength,beginner
Incline Push-Up,chest,"shoulders, triceps",body only,strength,beginner
Incline Push-Up Close-Grip,triceps,"chest, shoulders",body only,strength,beginner
Incline Push-Up Depth Jump,chest,"shoulders, triceps",other,plyometrics,beginner
Incline Push-Up Medium,chest,"abdominals, shoulders, triceps",body only,strength,beginner
Incline Push-Up Reverse Grip,chest,"abdominals, shoulders, triceps",body only,strength,beginner
Incline Push-Up Wide,chest,"abdominals, shoulders, triceps",body only,strength,beginner
Intermediate Groin Stretch,hamstrings,,other,stretching,intermediate
Intermediate Hip Flexor and Quad Stretch,quadriceps,,other,stretching,intermediate
Internal Rotation with Band,shoulders,,bands,strength,beginner
Inverted Row,middle back,lats,,strength,beginner
Inverted Row with Straps,middle back,"biceps, lats",other,strength,beginner
Iron Cross,shoulders,"chest, glutes, hamstrings, lower back, quadriceps, traps",dumbbell,strength,intermediate
Iron Crosses (stretch),quadriceps,,,stretching,intermediate
Isometric Chest Squeezes,chest,"shoulders, triceps",body only,plyometrics,beginner
Isometric Neck Exercise - Front And Back,neck,,body only,strength,beginner
Isometric Neck Exercise - Sides,neck,,body only,strength,beginner
Isometric Wipers,chest,"abdominals, shoulders, triceps",body only,strength,beginner
JM Press,triceps,"chest, shoulders",barbell,strength,beginner
Jackknife Sit-Up,abdominals,,body only,strength,beginner
Janda Sit-Up,abdominals,,body only,strength,beginner
Jefferson Squats,quadriceps,"calves, glutes, hamstrings, lower back, traps",barbell,strength,intermediate
Jerk Balance,shoulders,"glutes, hamstrings, quadriceps, triceps",barbell,olympic weightlifting,intermediate
Jerk Dip Squat,quadriceps,"abdominals, calves",barbell,olympic weightlifting,intermediate
"Jogging, Treadmill",quadriceps,"glutes, hamstrings",machine,cardio,beginner
Keg Load,lower back,"abdominals, biceps, calves, forearms, glutes, hamstrings, middle back, quadriceps, shoulders, traps",other,strongman,intermediate
Kettlebell Arnold Press,shoulders,triceps,kettlebells,strength,intermediate
Kettlebell Dead Clean,hamstrings,"calves, glutes, lower back, quadriceps, traps",kettlebells,strength,intermediate
Kettlebell Figure 8,abdominals,"hamstrings, shoulders",kettlebells,strength,intermediate
Kettlebell Hang Clean,hamstrings,"calves, glutes, lower back, shoulders, traps",kettlebells,strength,intermediate
Kettlebell One-Legged Deadlift,hamstrings,"glutes, lower back",kettlebells,strength,intermediate
Kettlebell Pass Between The Legs,abdominals,"glutes, hamstrings, shoulders",kettlebells,strength,intermediate
Kettlebell Pirate Ships,shoulders,abdominals,kettlebells,strength,beginner
Kettlebell Pistol Squat,quadriceps,"calves, glutes, hamstrings, shoulders",kettlebells,strength,expert
Kettlebell Seated Press,shoulders,triceps,kettlebells,strength,intermediate
Kettlebell Seesaw Press,shoulders,triceps,kettlebells,strength,intermediate
Kettlebell Sumo High Pull,traps,"adductors, glutes, hamstrings, quadriceps, shoulders",kettlebells,strength,intermediate
Kettlebell Thruster,shoulders,"quadriceps, triceps",kettlebells,strength,intermediate
Kettlebell Turkish Get-Up (Lunge style),shoulders,"abdominals, hamstrings, quadriceps, triceps",kettlebells,strength,intermediate
Kettlebell Turkish Get-Up (Squat style),shoulders,"abdominals, calves, hamstrings, quadriceps, triceps",kettlebells,strength,intermediate
Kettlebell Windmill,abdominals,"glutes, hamstrings, shoulders, triceps",kettlebells,strength,intermediate
Kipping Muscle Up,lats,"abdominals, biceps, forearms, middle back, shoulders, traps, triceps",other,strength,intermediate
Knee Across The Body,glutes,"abductors, lower back",,stretching,beginner
Knee Circles,calves,"hamstrings, quadriceps",body only,stretching,beginner
Knee/Hip Raise On Parallel Bars,abdominals,,other,strength,beginner
Knee Tuck Jump,hamstrings,"abductors, adductors, calves, glutes, quadriceps",body only,plyometrics,beginner
Kneeling Arm Drill,shoulders,abdominals,,plyometrics,beginner
Kneeling Cable Crunch With Alternating Oblique Twists,abdominals,,cable,strength,beginner
Kneeling Cable Triceps Extension,triceps,,cable,strength,intermediate
Kneeling Forearm Stretch,forearms,,,stretching,beginner
Kneeling High Pulley Row,lats,"biceps, middle back",cable,strength,beginner
Kneeling Hip Flexor,quadriceps,quadriceps,,stretching,beginner
Kneeling Jump Squat,glutes,"calves, hamstrings, quadriceps",barbell,olympic weightlifting,expert
Kneeling Single-Arm High Pulley Row,lats,"biceps, middle back",cable,strength,beginner
Kneeling Squat,glutes,"abdominals, hamstrings, lower back",barbell,powerlifting,intermediate
Landmine 180's,abdominals,"glutes, lower back, shoulders",barbell,strength,beginner
Landmine Linear Jammer,shoulders,"abdominals, calves, chest, hamstrings, quadriceps, triceps",barbell,strength,intermediate
Lateral Bound,adductors,"abductors, calves, glutes, hamstrings, quadriceps",body only,plyometrics,beginner
Lateral Box Jump,adductors,"abductors, calves, glutes, hamstrings, quadriceps",other,plyometrics,beginner
Lateral Cone Hops,adductors,"abductors, calves, glutes, hamstrings, quadriceps",other,plyometrics,beginner
Lateral Raise - With Bands,shoulders,,bands,strength,beginner
Latissimus Dorsi-SMR,lats,,foam roll,stretching,beginner
Leg-Over Floor Press,chest,"shoulders, triceps",kettlebells,strength,intermediate
Leg-Up Hamstring Stretch,hamstrings,,,stretching,beginner
Leg Extensions,quadriceps,,machine,strength,beginner
Leg Lift,glutes,hamstrings,body only,strength,beginner
Leg Press,quadriceps,"calves, glutes, hamstrings",machine,strength,beginner
Leg Pull-In,abdominals,,body only,strength,beginner
Leverage Chest Press,chest,"shoulders, triceps",machine,strength,beginner
Leverage Deadlift,quadriceps,"glutes, hamstrings",machine,strength,beginner
Leverage Decline Chest Press,chest,"shoulders, triceps",machine,strength,beginner
Leverage High Row,middle back,lats,machine,strength,beginner
Leverage Incline Chest Press,chest,"shoulders, triceps",machine,strength,beginner
Leverage Iso Row,lats,"biceps, middle back",machine,strength,beginner
Leverage Shoulder Press,shoulders,triceps,machine,strength,beginner
Leverage Shrug,traps,forearms,machine,strength,beginner
Linear 3-Part Start Technique,hamstrings,"calves, quadriceps",,plyometrics,beginner
Linear Acceleration Wall Drill,hamstrings,"calves, glutes, quadriceps",,plyometrics,beginner
Linear Depth Jump,quadriceps,"calves, glutes, hamstrings",other,plyometrics,intermediate
Log Lift,shoulders,"abdominals, chest, glutes, hamstrings, lower back, middle back, quadriceps, traps, triceps",other,strongman,intermediate
London Bridges,lats,"biceps, forearms, middle back",other,strength,intermediate
Looking At Ceiling,quadriceps,,,stretching,beginner
Low Cable Crossover,chest,shoulders,cable,strength,beginner
Low Cable Triceps Extension,triceps,,cable,strength,beginner
Low Pulley Row To Neck,shoulders,"biceps, middle back, traps",cable,strength,beginner
Lower Back-SMR,lower back,,foam roll,stretching,beginner
Lower Back Curl,abdominals,,body only,stretching,beginner
Lunge Pass Through,hamstrings,"calves, glutes, quadriceps",kettlebells,strength,intermediate
Lunge Sprint,quadriceps,"calves, glutes, hamstrings",machine,strength,intermediate
Lying Bent Leg Groin,adductors,,other,stretching,expert
Lying Cable Curl,biceps,,cable,strength,intermediate
Lying Cambered Barbell Row,middle back,"biceps, lats, traps",barbell,strength,beginner
Lying Close-Grip Bar Curl On High Pulley,biceps,,cable,strength,beginner
Lying Close-Grip Barbell Triceps Extension Behind The Head,triceps,,barbell,strength,intermediate
Lying Close-Grip Barbell Triceps Press To Chin,triceps,,e-z curl bar,strength,intermediate
Lying Crossover,abductors,,body only,stretching,expert
Lying Dumbbell Tricep Extension,triceps,"chest, shoulders",dumbbell,strength,intermediate
Lying Face Down Plate Neck Resistance,neck,,other,strength,intermediate
Lying Face Up Plate Neck Resistance,neck,,other,strength,intermediate
Lying Glute,glutes,abductors,body only,stretching,expert
Lying Hamstring,hamstrings,calves,other,stretching,expert
Lying High Bench Barbell Curl,biceps,,barbell,strength,intermediate
Lying Leg Curls,hamstrings,,machine,strength,beginner
Lying Machine Squat,quadriceps,"calves, glutes, hamstrings",machine,strength,intermediate
Lying One-Arm Lateral Raise,shoulders,,dumbbell,strength,intermediate
Lying Prone Quadriceps,quadriceps,,body only,stretching,expert
Lying Rear Delt Raise,shoulders,,dumbbell,strength,intermediate
Lying Supine Dumbbell Curl,biceps,,dumbbell,strength,beginner
Lying T-Bar Row,middle back,"biceps, lats",machine,strength,intermediate
Lying Triceps Press,triceps,,e-z curl bar,strength,intermediate
Machine Bench Press,chest,"shoulders, triceps",machine,strength,beginner
Machine Bicep Curl,biceps,,machine,strength,beginner
Machine Preacher Curls,biceps,,machine,strength,beginner
Machine Shoulder (Military) Press,shoulders,triceps,machine,strength,beginner
Machine Triceps Extension,triceps,,machine,strength,beginner
Medicine Ball Chest Pass,chest,"shoulders, triceps",medicine ball,plyometrics,beginner
Medicine Ball Full Twist,abdominals,shoulders,medicine ball,plyometrics,beginner
Medicine Ball Scoop Throw,shoulders,"abdominals, hamstrings, quadriceps",medicine ball,plyometrics,beginner
Middle Back Shrug,middle back,,dumbbell,strength,intermediate
Middle Back Stretch,middle back,"abdominals, lats, lower back",,stretching,beginner
Mixed Grip Chin,middle back,"biceps, lats",other,strength,expert
Monster Walk,abductors,,bands,strength,beginner
Mountain Climbers,quadriceps,"chest, hamstrings, shoulders",,plyometrics,beginner
Moving Claw Series,hamstrings,"calves, quadriceps",,plyometrics,beginner
Muscle Snatch,hamstrings,"glutes, lower back, quadriceps, shoulders, triceps",barbell,olympic weightlifting,intermediate
Muscle Up,lats,"abdominals, biceps, forearms, middle back, shoulders, traps, triceps",other,strength,intermediate
Narrow Stance Hack Squats,quadriceps,"calves, glutes, hamstrings",machine,strength,intermediate
Narrow Stance Leg Press,quadriceps,"calves, glutes, hamstrings",machine,strength,intermediate
Narrow Stance Squats,quadriceps,"calves, glutes, hamstrings, lower back",barbell,strength,intermediate
Natural Glute Ham Raise,hamstrings,"calves, glutes, lower back",body only,strength,intermediate
Neck-SMR,neck,,other,stretching,intermediate
Neck Press,chest,"shoulders, triceps",barbell,strength,intermediate
Oblique Crunches,abdominals,,body only,strength,beginner
Oblique Crunches - On The Floor,abdominals,,body only,strength,beginner
Olympic Squat,quadriceps,"calves, glutes, hamstrings",barbell,olympic weightlifting,intermediate
On-Your-Back Quad Stretch,quadriceps,,other,stretching,beginner
On Your Side Quad Stretch,quadriceps,,,stretching,beginner
One-Arm Dumbbell Row,middle back,"biceps, lats, shoulders",dumbbell,strength,beginner
One-Arm Flat Bench Dumbbell Flye,chest,,dumbbell,strength,beginner
One-Arm High-Pulley Cable Side Bends,abdominals,,cable,strength,beginner
One-Arm Incline Lateral Raise,shoulders,,dumbbell,strength,beginner
One-Arm Kettlebell Clean,hamstrings,"glutes, lower back, shoulders, traps",kettlebells,strength,intermediate
One-Arm Kettlebell Clean and Jerk,shoulders,,kettlebells,strength,intermediate
One-Arm Kettlebell Floor Press,chest,triceps,kettlebells,strength,intermediate
One-Arm Kettlebell Jerk,shoulders,"calves, quadriceps, triceps",kettlebells,strength,intermediate
One-Arm Kettlebell Military Press To The Side,shoulders,triceps,kettlebells,strength,intermediate
One-Arm Kettlebell Para Press,shoulders,triceps,kettlebells,strength,intermediate
One-Arm Kettlebell Push Press,shoulders,"calves, quadriceps, triceps",kettlebells,strength,intermediate
One-Arm Kettlebell Row,middle back,"biceps, lats",kettlebells,strength,intermediate
One-Arm Kettlebell Snatch,shoulders,"calves, glutes, hamstrings, lower back, traps, triceps",kettlebells,strength,expert
One-Arm Kettlebell Split Jerk,shoulders,"glutes, hamstrings, quadriceps, triceps",kettlebells,strength,intermediate
One-Arm Kettlebell Split Snatch,shoulders,"hamstrings, quadriceps",kettlebells,strength,expert
One-Arm Kettlebell Swings,hamstrings,"calves, glutes, lower back, shoulders",kettlebells,strength,intermediate
One-Arm Long Bar Row,middle back,"biceps, lats",barbell,strength,beginner
One-Arm Medicine Ball Slam,abdominals,"lats, shoulders",medicine ball,strength,beginner
One-Arm Open Palm Kettlebell Clean,hamstrings,"forearms, glutes, lower back, quadriceps, shoulders",kettlebells,strength,intermediate
One-Arm Overhead Kettlebell Squats,quadriceps,"calves, glutes, hamstrings, shoulders",kettlebells,strength,expert
One-Arm Side Deadlift,quadriceps,"abdominals, calves, glutes, hamstrings, lower back, traps",barbell,strength,expert
One-Arm Side Laterals,shoulders,,dumbbell,strength,beginner
One-Legged Cable Kickback,glutes,hamstrings,cable,strength,intermediate
One Arm Against Wall,lats,,,stretching,beginner
One Arm Chin-Up,middle back,"biceps, forearms, lats",other,strength,expert
One Arm Dumbbell Bench Press,chest,"shoulders, triceps",dumbbell,strength,beginner
One Arm Dumbbell Preacher Curl,biceps,,dumbbell,strength,beginner
One Arm Floor Press,triceps,"chest, shoulders",barbell,strength,intermediate
One Arm Lat Pulldown,lats,"biceps, middle back",cable,strength,beginner
One Arm Pronated Dumbbell Triceps Extension,triceps,,dumbbell,strength,beginner
One Arm Supinated Dumbbell Triceps Extension,triceps,,dumbbell,strength,beginner
One Half Locust,quadriceps,"abdominals, biceps, chest",,stretching,beginner
One Handed Hang,lats,biceps,other,stretching,beginner
One Knee To Chest,glutes,"hamstrings, lower back",,stretching,beginner
One Leg Barbell Squat,quadriceps,"calves, glutes, hamstrings",barbell,strength,expert
Open Palm Kettlebell Clean,hamstrings,"glutes, lower back, quadriceps, shoulders",kettlebells,strength,expert
Otis-Up,abdominals,"chest, shoulders, triceps",other,strength,beginner
Overhead Cable Curl,biceps,,cable,strength,intermediate
Overhead Lat,lats,triceps,other,stretching,expert
Overhead Slam,lats,,medicine ball,plyometrics,beginner
Overhead Squat,quadriceps,"abdominals, calves, glutes, hamstrings, lower back, shoulders, triceps",barbell,olympic weightlifting,expert
Overhead Stretch,abdominals,"chest, forearms, lats, triceps",,stretching,beginner
Overhead Triceps,triceps,lats,body only,stretching,expert
Pallof Press,abdominals,"chest, shoulders, triceps",cable,strength,beginner
Pallof Press With Rotation,abdominals,"chest, shoulders, triceps",cable,strength,beginner
Palms-Down Dumbbell Wrist Curl Over A Bench,forearms,,dumbbell,strength,beginner
Palms-Down Wrist Curl Over A Bench,forearms,,barbell,strength,beginner
Palms-Up Barbell Wrist Curl Over A Bench,forearms,,barbell,strength,beginner
Palms-Up Dumbbell Wrist Curl Over A Bench,forearms,,dumbbell,strength,beginner
Parallel Bar Dip,triceps,"chest, shoulders",other,strength,beginner
Pelvic Tilt Into Bridge,lower back,,,stretching,intermediate
Peroneals-SMR,calves,,foam roll,stretching,intermediate
Peroneals Stretch,calves,,other,stretching,intermediate
Physioball Hip Bridge,glutes,hamstrings,exercise ball,strength,beginner
Pin Presses,triceps,"chest, forearms, lats, middle back, shoulders",barbell,powerlifting,intermediate
Piriformis-SMR,glutes,,foam roll,stretching,intermediate
Plank,abdominals,,body only,strength,beginner
Plate Pinch,forearms,,other,strength,intermediate
Plate Twist,abdominals,,other,strength,intermediate
Platform Hamstring Slides,hamstrings,glutes,other,strength,beginner
Plie Dumbbell Squat,quadriceps,"abdominals, calves, glutes, hamstrings",dumbbell,strength,beginner
Plyo Kettlebell Pushups,chest,"shoulders, triceps",kettlebells,strength,expert
Plyo Push-up,chest,"shoulders, triceps",body only,plyometrics,beginner
Posterior Tibialis Stretch,calves,,other,stretching,intermediate
Power Clean,hamstrings,"calves, forearms, glutes, lower back, middle back, quadriceps, shoulders, traps, triceps",barbell,strength,intermediate
Power Clean from Blocks,hamstrings,quadriceps,barbell,olympic weightlifting,intermediate
Power Jerk,quadriceps,"abdominals, calves, glutes, hamstrings, shoulders, triceps",barbell,olympic weightlifting,expert
Power Partials,shoulders,,dumbbell,strength,beginner
Power Snatch,hamstrings,"calves, glutes, lower back, quadriceps, shoulders, traps, triceps",barbell,olympic weightlifting,expert
Power Snatch from Blocks,quadriceps,"calves, forearms, glutes, hamstrings, lower back, shoulders, traps, triceps",barbell,olympic weightlifting,intermediate
Power Stairs,hamstrings,"adductors, calves, glutes, lower back, quadriceps, shoulders, traps",other,strongman,intermediate
Preacher Curl,biceps,,barbell,strength,beginner
Preacher Hammer Dumbbell Curl,biceps,forearms,dumbbell,strength,beginner
Press Sit-Up,abdominals,"chest, shoulders, triceps",barbell,strength,expert
Prone Manual Hamstring,hamstrings,,,strength,beginner
Prowler Sprint,hamstrings,"calves, chest, glutes, quadriceps, shoulders",other,cardio,beginner
Pull Through,glutes,"hamstrings, lower back",cable,strength,beginner
Pullups,lats,"biceps, middle back",body only,strength,beginner
Push-Up Wide,chest,"abdominals, shoulders, triceps",body only,strength,beginner
Push-Ups - Close Triceps Position,triceps,"chest, shoulders",body only,strength,intermediate
Push-Ups With Feet Elevated,chest,"shoulders, triceps",body only,strength,beginner
Push-Ups With Feet On An Exercise Ball,chest,"shoulders, triceps",exercise ball,strength,intermediate
Push Press,shoulders,"quadriceps, triceps",barbell,olympic weightlifting,expert
Push Press - Behind the Neck,shoulders,"calves, quadriceps, triceps",barbell,olympic weightlifting,intermediate
Push Up to Side Plank,chest,"abdominals, shoulders, triceps",body only,strength,beginner
Pushups,chest,"shoulders, triceps",body only,strength,beginner
Pushups (Close and Wide Hand Positions),chest,"shoulders, triceps",body only,strength,beginner
Pyramid,lower back,shoulders,exercise ball,stretching,beginner
Quad Stretch,quadriceps,,other,stretching,intermediate
Quadriceps-SMR,quadriceps,,foam roll,stretching,intermediate
Quick Leap,quadriceps,"calves, hamstrings",other,plyometrics,beginner
Rack Delivery,shoulders,"forearms, traps",barbell,olympic weightlifting,intermediate
Rack Pull with Bands,lower back,"forearms, glutes, hamstrings, quadriceps, traps",barbell,powerlifting,intermediate
Rack Pulls,lower back,"forearms, glutes, hamstrings, traps",barbell,powerlifting,intermediate
Rear Leg Raises,quadriceps,,body only,stretching,beginner
Recumbent Bike,quadriceps,"calves, glutes, hamstrings",machine,cardio,beginner
Return Push from Stance,shoulders,"chest, triceps",medicine ball,plyometrics,beginner
Reverse Band Bench Press,triceps,"chest, forearms, lats, middle back, shoulders",barbell,powerlifting,intermediate
Reverse Band Box Squat,quadriceps,"abductors, adductors, calves, forearms, glutes, hamstrings, lower back",barbell,powerlifting,intermediate
Reverse Band Deadlift,lower back,"abductors, adductors, calves, glutes, hamstrings, quadriceps",barbell,powerlifting,expert
Reverse Band Power Squat,quadriceps,"adductors, calves, glutes, hamstrings, lower back",barbell,powerlifting,expert
Reverse Band Sumo Deadlift,hamstrings,"abductors, adductors, calves, forearms, glutes, lower back, quadriceps, traps",barbell,powerlifting,expert
Reverse Barbell Curl,biceps,forearms,barbell,strength,beginner
Reverse Barbell Preacher Curls,biceps,forearms,e-z curl bar,strength,intermediate
Reverse Cable Curl,biceps,forearms,cable,strength,beginner
Reverse Crunch,abdominals,,body only,strength,beginner
Reverse Flyes,shoulders,,dumbbell,strength,beginner
Reverse Flyes With External Rotation,shoulders,,dumbbell,strength,intermediate
Reverse Grip Bent-Over Rows,middle back,"biceps, lats, shoulders",barbell,strength,intermediate
Reverse Grip Triceps Pushdown,triceps,,cable,strength,beginner
Reverse Hyperextension,hamstrings,"calves, glutes",machine,strength,intermediate
Reverse Machine Flyes,shoulders,,machine,strength,beginner
Reverse Plate Curls,biceps,forearms,other,strength,beginner
Reverse Triceps Bench Press,triceps,"chest, shoulders",barbell,strength,intermediate
Rhomboids-SMR,middle back,traps,foam roll,stretching,intermediate
Rickshaw Carry,forearms,"abdominals, calves, glutes, hamstrings, lower back, quadriceps, traps",other,strongman,intermediate
Rickshaw Deadlift,quadriceps,"forearms, glutes, hamstrings, lower back, traps",other,strongman,intermediate
Ring Dips,triceps,"chest, shoulders",other,strength,intermediate
Rocket Jump,quadriceps,"calves, hamstrings",body only,plyometrics,beginner
Rocking Standing Calf Raise,calves,,barbell,strength,beginner
Rocky Pull-Ups/Pulldowns,lats,"biceps, middle back, shoulders",other,strength,intermediate
Romanian Deadlift,hamstrings,"calves, glutes, lower back",barbell,strength,intermediate
Romanian Deadlift from Deficit,hamstrings,"forearms, glutes, lower back, traps",barbell,olympic weightlifting,intermediate
Rope Climb,lats,"biceps, forearms, middle back, shoulders",other,strength,intermediate
Rope Crunch,abdominals,,cable,strength,beginner
Rope Jumping,quadriceps,"calves, hamstrings",other,cardio,intermediate
Rope Straight-Arm Pulldown,lats,,cable,strength,beginner
Round The World Shoulder Stretch,shoulders,"biceps, chest",other,stretching,beginner
"Rowing, Stationary",quadriceps,"biceps, calves, glutes, hamstrings, lower back, middle back",machine,cardio,intermediate
Runner's Stretch,hamstrings,calves,,stretching,beginner
"Running, Treadmill",quadriceps,"calves, glutes, hamstrings",machine,cardio,beginner
Russian Twist,abdominals,lower back,body only,strength,intermediate
Sandbag Load,quadriceps,"abdominals, biceps, calves, forearms, glutes, hamstrings, lower back, middle back, shoulders, traps",other,strongman,beginner
Scapular Pull-Up,traps,"lats, middle back",,strength,beginner
Scissor Kick,abdominals,,body only,stretching,beginner
Scissors Jump,quadriceps,"glutes, hamstrings",body only,plyometrics,beginner
Seated Band Hamstring Curl,hamstrings,,other,strength,beginner
Seated Barbell Military Press,shoulders,triceps,barbell,strength,intermediate
Seated Barbell Twist,abdominals,,barbell,strength,beginner
Seated Bent-Over One-Arm Dumbbell Triceps Extension,triceps,,dumbbell,strength,beginner
Seated Bent-Over Rear Delt Raise,shoulders,,dumbbell,strength,intermediate
Seated Bent-Over Two-Arm Dumbbell Triceps Extension,triceps,,dumbbell,strength,intermediate
Seated Biceps,biceps,"chest, shoulders",body only,stretching,expert
Seated Cable Rows,middle back,"biceps, lats, shoulders",cable,strength,beginner
Seated Cable Shoulder Press,shoulders,triceps,cable,strength,beginner
Seated Calf Raise,calves,,machine,strength,beginner
Seated Calf Stretch,calves,"hamstrings, lower back",,stretching,beginner
Seated Close-Grip Concentration Barbell Curl,biceps,,barbell,strength,intermediate
Seated Dumbbell Curl,biceps,,dumbbell,strength,beginner
Seated Dumbbell Inner Biceps Curl,biceps,,dumbbell,strength,beginner
Seated Dumbbell Palms-Down Wrist Curl,forearms,,dumbbell,strength,beginner
Seated Dumbbell Palms-Up Wrist Curl,forearms,,dumbbell,strength,beginner
Seated Dumbbell Press,shoulders,triceps,dumbbell,strength,beginner
Seated Flat Bench Leg Pull-In,abdominals,,body only,strength,beginner
Seated Floor Hamstring Stretch,hamstrings,calves,,stretching,beginner
Seated Front Deltoid,shoulders,chest,body only,stretching,expert
Seated Glute,glutes,adductors,body only,stretching,expert
Seated Good Mornings,lower back,glutes,barbell,powerlifting,intermediate
Seated Hamstring,hamstrings,calves,,stretching,expert
Seated Hamstring and Calf Stretch,hamstrings,calves,other,stretching,intermediate
Seated Head Harness Neck Resistance,neck,,other,strength,intermediate
Seated Leg Curl,hamstrings,,machine,strength,beginner
Seated Leg Tucks,abdominals,,body only,strength,beginner
Seated One-Arm Dumbbell Palms-Down Wrist Curl,forearms,,dumbbell,strength,intermediate
Seated One-Arm Dumbbell Palms-Up Wrist Curl,forearms,,dumbbell,strength,beginner
Seated One-arm Cable Pulley Rows,middle back,"biceps, lats, traps",cable,strength,intermediate
Seated Overhead Stretch,abdominals,,,stretching,beginner
Seated Palm-Up Barbell Wrist Curl,forearms,,barbell,strength,beginner
Seated Palms-Down Barbell Wrist Curl,forearms,,barbell,strength,beginner
Seated Side Lateral Raise,shoulders,,dumbbell,strength,beginner
Seated Triceps Press,triceps,,dumbbell,strength,beginner
Seated Two-Arm Palms-Up Low-Pulley Wrist Curl,forearms,,cable,strength,beginner
See-Saw Press (Alternating Side Press),shoulders,"abdominals, triceps",dumbbell,strength,intermediate
Shotgun Row,lats,"biceps, middle back",cable,strength,beginner
Shoulder Circles,shoulders,traps,,stretching,beginner
Shoulder Press - With Bands,shoulders,triceps,bands,strength,beginner
Shoulder Raise,shoulders,lats,,stretching,beginner
Shoulder Stretch,shoulders,,,stretching,beginner
Side-Lying Floor Stretch,lats,,,stretching,beginner
Side Bridge,abdominals,shoulders,body only,strength,beginner
Side Hop-Sprint,quadriceps,"abductors, adductors, calves, hamstrings",other,plyometrics,beginner
Side Jackknife,abdominals,,body only,strength,beginner
Side Lateral Raise,shoulders,,dumbbell,strength,beginner
Side Laterals to Front Raise,shoulders,traps,dumbbell,strength,beginner
Side Leg Raises,adductors,,body only,stretching,beginner
Side Lying Groin Stretch,adductors,hamstrings,,stretching,beginner
Side Neck Stretch,neck,,,stretching,beginner
Side Standing Long Jump,quadriceps,"calves, glutes, hamstrings",,plyometrics,beginner
Side To Side Chins,lats,"biceps, forearms, middle back, shoulders",other,strength,intermediate
Side Wrist Pull,shoulders,"forearms, lats",,stretching,beginner
Side to Side Box Shuffle,quadriceps,"abductors, adductors, calves, hamstrings",other,plyometrics,beginner
Single-Arm Cable Crossover,chest,,cable,strength,beginner
Single-Arm Linear Jammer,shoulders,"chest, triceps",barbell,strength,intermediate
Single-Arm Push-Up,chest,"shoulders, triceps",body only,strength,intermediate
Single-Cone Sprint Drill,quadriceps,"calves, glutes, hamstrings",other,plyometrics,beginner
Single-Leg High Box Squat,quadriceps,"glutes, hamstrings",other,strength,beginner
Single-Leg Hop Progression,quadriceps,"abductors, adductors, calves, hamstrings",other,plyometrics,beginner
Single-Leg Lateral Hop,quadriceps,"abductors, adductors, calves, hamstrings",other,plyometrics,beginner
Single-Leg Leg Extension,quadriceps,,machine,strength,beginner
Single-Leg Stride Jump,quadriceps,"abductors, adductors, calves, hamstrings",other,plyometrics,beginner
Single Dumbbell Raise,shoulders,"forearms, traps",dumbbell,strength,beginner
Single Leg Butt Kick,quadriceps,"calves, hamstrings",body only,plyometrics,beginner
Single Leg Glute Bridge,glutes,hamstrings,body only,strength,beginner
Single Leg Push-off,quadriceps,"calves, hamstrings",other,plyometrics,beginner
Sit-Up,abdominals,,body only,strength,beginner
Sit Squats,quadriceps,"abductors, glutes, hamstrings",,stretching,beginner
Skating,quadriceps,"abductors, adductors, calves, glutes, hamstrings",other,cardio,intermediate
Sled Drag - Harness,quadriceps,"calves, glutes, hamstrings",other,strongman,beginner
Sled Overhead Backward Walk,shoulders,"calves, middle back, quadriceps",other,strength,beginner
Sled Overhead Triceps Extension,triceps,,other,strength,beginner
Sled Push,quadriceps,"calves, chest, glutes, hamstrings, triceps",other,strongman,beginner
Sled Reverse Flye,shoulders,,other,strength,beginner
Sled Row,middle back,"biceps, lats",other,strength,beginner
Sledgehammer Swings,abdominals,"calves, forearms, lats, middle back, shoulders",other,plyometrics,beginner
Smith Incline Shoulder Raise,shoulders,chest,barbell,strength,beginner
Smith Machine Behind the Back Shrug,traps,shoulders,machine,strength,beginner
Smith Machine Bench Press,chest,"shoulders, triceps",machine,strength,beginner
Smith Machine Bent Over Row,middle back,"biceps, lats, shoulders",machine,strength,beginner
Smith Machine Calf Raise,calves,,machine,strength,beginner
Smith Machine Close-Grip Bench Press,triceps,"chest, shoulders",machine,strength,beginner
Smith Machine Decline Press,chest,"shoulders, triceps",machine,strength,beginner
Smith Machine Hang Power Clean,hamstrings,"glutes, lower back, quadriceps, shoulders, traps",machine,strength,intermediate
Smith Machine Hip Raise,abdominals,,machine,strength,beginner
Smith Machine Incline Bench Press,chest,"shoulders, triceps",machine,strength,beginner
Smith Machine Leg Press,quadriceps,"calves, glutes, hamstrings",machine,strength,intermediate
Smith Machine One-Arm Upright Row,shoulders,"biceps, traps",machine,strength,beginner
Smith Machine Overhead Shoulder Press,shoulders,triceps,machine,strength,beginner
Smith Machine Pistol Squat,quadriceps,"calves, glutes, hamstrings",machine,strength,intermediate
Smith Machine Reverse Calf Raises,calves,,machine,strength,beginner
Smith Machine Squat,quadriceps,"calves, glutes, hamstrings, lower back",machine,strength,beginner
Smith Machine Stiff-Legged Deadlift,hamstrings,"glutes, lower back",machine,strength,beginner
Smith Machine Upright Row,traps,"biceps, middle back, shoulders",machine,strength,beginner
Smith Single-Leg Split Squat,quadriceps,"calves, glutes, hamstrings",machine,strength,beginner
Snatch,quadriceps,"biceps, glutes, hamstrings, lower back, shoulders, traps, triceps",barbell,olympic weightlifting,intermediate
Snatch Balance,quadriceps,"calves, glutes, hamstrings, shoulders, triceps",barbell,olympic weightlifting,intermediate
Snatch Deadlift,hamstrings,"forearms, glutes, hamstrings, lower back, quadriceps, traps",barbell,olympic weightlifting,intermediate
Snatch Pull,hamstrings,"calves, glutes, lower back, quadriceps, traps",barbell,strength,intermediate
Snatch Shrug,traps,"forearms, shoulders",barbell,olympic weightlifting,intermediate
Snatch from Blocks,quadriceps,"calves, forearms, glutes, hamstrings, lower back, shoulders, traps, triceps",barbell,olympic weightlifting,expert
Speed Band Overhead Triceps,triceps,,bands,strength,beginner
Speed Box Squat,quadriceps,"calves, glutes, hamstrings",barbell,powerlifting,intermediate
Speed Squats,quadriceps,"calves, glutes, hamstrings, lower back",barbell,strength,expert
Spell Caster,abdominals,"glutes, shoulders",dumbbell,strength,beginner
Spider Crawl,abdominals,"chest, shoulders, triceps",body only,strength,beginner
Spider Curl,biceps,,e-z curl bar,strength,beginner
Spinal Stretch,middle back,"lats, lower back, neck, traps",,stretching,beginner
Split Clean,quadriceps,"calves, forearms, glutes, hamstrings, lower back, shoulders, traps",barbell,olympic weightlifting,intermediate
Split Jerk,quadriceps,"glutes, hamstrings, shoulders, triceps",barbell,olympic weightlifting,intermediate
Split Jump,quadriceps,"calves, glutes, hamstrings",body only,plyometrics,beginner
Split Snatch,hamstrings,"calves, forearms, glutes, hamstrings, lower back, quadriceps, shoulders, traps, triceps",barbell,olympic weightlifting,expert
Split Squat with Dumbbells,quadriceps,"glutes, hamstrings",dumbbell,strength,beginner
Split Squats,hamstrings,"calves, glutes, quadriceps",,stretching,intermediate
Squat Jerk,quadriceps,"calves, glutes, hamstrings, shoulders, triceps",barbell,strength,expert
Squat with Bands,quadriceps,"adductors, calves, glutes, hamstrings, lower back",barbell,powerlifting,intermediate
Squat with Chains,quadriceps,"adductors, calves, glutes, hamstrings, lower back",barbell,powerlifting,intermediate
Squat with Plate Movers,quadriceps,"abductors, adductors, calves, glutes, hamstrings",barbell,strength,intermediate
Squats - With Bands,quadriceps,"calves, glutes, hamstrings, lower back",bands,strength,beginner
Stairmaster,quadriceps,"calves, glutes, hamstrings",machine,cardio,intermediate
Standing Alternating Dumbbell Press,shoulders,triceps,dumbbell,strength,beginner
Standing Barbell Calf Raise,calves,,barbell,strength,beginner
Standing Barbell Press Behind Neck,shoulders,triceps,barbell,strength,intermediate
Standing Bent-Over One-Arm Dumbbell Triceps Extension,triceps,shoulders,dumbbell,strength,beginner
Standing Bent-Over Two-Arm Dumbbell Triceps Extension,triceps,,dumbbell,strength,beginner
Standing Biceps Cable Curl,biceps,,cable,strength,beginner
Standing Biceps Stretch,biceps,"chest, shoulders",other,stretching,beginner
Standing Bradford Press,shoulders,triceps,barbell,strength,beginner
Standing Cable Chest Press,chest,"shoulders, triceps",cable,strength,beginner
Standing Cable Lift,abdominals,shoulders,cable,strength,beginner
Standing Cable Wood Chop,abdominals,shoulders,cable,strength,beginner
Standing Calf Raises,calves,,machine,strength,beginner
Standing Concentration Curl,biceps,forearms,dumbbell,strength,beginner
Standing Dumbbell Calf Raise,calves,,dumbbell,strength,intermediate
Standing Dumbbell Press,shoulders,triceps,dumbbell,strength,beginner
Standing Dumbbell Reverse Curl,biceps,forearms,dumbbell,strength,intermediate
Standing Dumbbell Straight-Arm Front Delt Raise Above Head,shoulders,,dumbbell,strength,intermediate
Standing Dumbbell Triceps Extension,triceps,,dumbbell,strength,beginner
Standing Dumbbell Upright Row,traps,"biceps, shoulders",dumbbell,strength,beginner
Standing Elevated Quad Stretch,quadriceps,,other,stretching,beginner
Standing Front Barbell Raise Over Head,shoulders,,barbell,strength,intermediate
Standing Gastrocnemius Calf Stretch,calves,hamstrings,,stretching,beginner
Standing Hamstring and Calf Stretch,hamstrings,,other,stretching,beginner
Standing Hip Circles,abductors,adductors,body only,stretching,beginner
Standing Hip Flexors,quadriceps,,,stretching,beginner
Standing Inner-Biceps Curl,biceps,,dumbbell,strength,intermediate
Standing Lateral Stretch,abdominals,,,stretching,beginner
Standing Leg Curl,hamstrings,,machine,strength,beginner
Standing Long Jump,quadriceps,"calves, glutes, hamstrings",body only,plyometrics,beginner
Standing Low-Pulley Deltoid Raise,shoulders,forearms,cable,strength,beginner
Standing Low-Pulley One-Arm Triceps Extension,triceps,"chest, shoulders",cable,strength,intermediate
Standing Military Press,shoulders,triceps,barbell,strength,beginner
Standing Olympic Plate Hand Squeeze,forearms,biceps,other,strength,beginner
Standing One-Arm Cable Curl,biceps,,cable,strength,intermediate
Standing One-Arm Dumbbell Curl Over Incline Bench,biceps,,dumbbell,strength,beginner
Standing One-Arm Dumbbell Triceps Extension,triceps,"chest, shoulders",dumbbell,strength,beginner
Standing Overhead Barbell Triceps Extension,triceps,shoulders,barbell,strength,beginner
Standing Palm-In One-Arm Dumbbell Press,shoulders,triceps,dumbbell,strength,beginner
Standing Palms-In Dumbbell Press,shoulders,triceps,dumbbell,strength,intermediate
Standing Palms-Up Barbell Behind The Back Wrist Curl,forearms,,barbell,strength,beginner
Standing Pelvic Tilt,lower back,glutes,,stretching,beginner
Standing Rope Crunch,abdominals,,cable,strength,beginner
Standing Soleus And Achilles Stretch,calves,,,stretching,beginner
Standing Toe Touches,hamstrings,calves,,stretching,beginner
Standing Towel Triceps Extension,triceps,,body only,strength,beginner
Standing Two-Arm Overhead Throw,shoulders,"chest, lats",medicine ball,plyometrics,beginner
Star Jump,quadriceps,"calves, glutes, hamstrings, shoulders",body only,plyometrics,beginner
Step-up with Knee Raise,glutes,"hamstrings, quadriceps",body only,strength,beginner
Step Mill,quadriceps,"calves, glutes, hamstrings",machine,cardio,intermediate
Stiff-Legged Barbell Deadlift,hamstrings,"glutes, lower back",barbell,strength,intermediate
Stiff-Legged Dumbbell Deadlift,hamstrings,"glutes, lower back",dumbbell,strength,beginner
Stiff Leg Barbell Good Morning,lower back,"glutes, hamstrings",barbell,strength,beginner
Stomach Vacuum,abdominals,,body only,stretching,beginner
Straight-Arm Dumbbell Pullover,chest,"lats, shoulders, triceps",dumbbell,strength,intermediate
Straight-Arm Pulldown,lats,,cable,strength,beginner
Straight Bar Bench Mid Rows,middle back,"biceps, lats",barbell,strength,beginner
Straight Raises on Incline Bench,shoulders,traps,barbell,strength,beginner
Stride Jump Crossover,quadriceps,"abductors, adductors, calves, hamstrings",other,plyometrics,beginner
Sumo Deadlift,hamstrings,"adductors, forearms, glutes, lower back, middle back, quadriceps, traps",barbell,powerlifting,intermediate
Sumo Deadlift with Bands,hamstrings,"adductors, forearms, glutes, lower back, middle back, quadriceps, traps",barbell,powerlifting,intermediate
Sumo Deadlift with Chains,hamstrings,"abductors, adductors, forearms, glutes, lower back, middle back, quadriceps, traps",barbell,powerlifting,intermediate
Superman,lower back,"glutes, hamstrings",body only,stretching,beginner
Supine Chest Throw,triceps,"chest, shoulders",medicine ball,plyometrics,beginner
Supine One-Arm Overhead Throw,abdominals,"chest, lats, shoulders",medicine ball,plyometrics,beginner
Supine Two-Arm Overhead Throw,abdominals,"chest, lats, shoulders",medicine ball,plyometrics,beginner
Suspended Fallout,abdominals,"chest, lower back, shoulders",other,strength,intermediate
Suspended Push-Up,chest,"shoulders, triceps",other,strength,beginner
Suspended Reverse Crunch,abdominals,,other,strength,beginner
Suspended Row,middle back,"biceps, lats",other,strength,beginner
Suspended Split Squat,quadriceps,"abductors, adductors, calves, glutes, hamstrings",other,strength,intermediate
Svend Press,chest,"forearms, shoulders, triceps",other,strength,beginner
T-Bar Row with Handle,middle back,"biceps, lats",barbell,strength,beginner
Tate Press,triceps,"chest, shoulders",dumbbell,strength,intermediate
The Straddle,hamstrings,"adductors, calves",,stretching,beginner
Thigh Abductor,abductors,glutes,machine,strength,beginner
Thigh Adductor,adductors,"glutes, hamstrings",machine,strength,beginner
Tire Flip,quadriceps,"calves, chest, forearms, glutes, hamstrings, lower back, shoulders, traps, triceps",other,strongman,intermediate
Toe Touchers,abdominals,,body only,stretching,beginner
Torso Rotation,abdominals,,exercise ball,stretching,beginner
Trail Running/Walking,quadriceps,"calves, glutes, hamstrings",,cardio,beginner
Trap Bar Deadlift,quadriceps,"glutes, hamstrings",other,strength,beginner
Tricep Dumbbell Kickback,triceps,,dumbbell,strength,beginner
Tricep Side Stretch,triceps,shoulders,,stretching,beginner
Triceps Overhead Extension with Rope,triceps,,cable,strength,beginner
Triceps Pushdown,triceps,,cable,strength,beginner
Triceps Pushdown - Rope Attachment,triceps,,cable,strength,beginner
Triceps Pushdown - V-Bar Attachment,triceps,,cable,strength,beginner
Triceps Stretch,triceps,lats,,stretching,beginner
Tuck Crunch,abdominals,,body only,strength,beginner
Two-Arm Dumbbell Preacher Curl,biceps,,dumbbell,strength,beginner
Two-Arm Kettlebell Clean,shoulders,"calves, glutes, hamstrings, lower back, traps",kettlebells,strength,intermediate
Two-Arm Kettlebell Jerk,shoulders,"calves, quadriceps, triceps",kettlebells,strength,intermediate
Two-Arm Kettlebell Military Press,shoulders,triceps,kettlebells,strength,intermediate
Two-Arm Kettlebell Row,middle back,"biceps, lats",kettlebells,strength,intermediate
Underhand Cable Pulldowns,lats,"biceps, middle back, shoulders",cable,strength,beginner
Upper Back-Leg Grab,hamstrings,"lower back, middle back",,stretching,beginner
Upper Back Stretch,middle back,middle back,,stretching,beginner
Upright Barbell Row,shoulders,traps,barbell,strength,beginner
Upright Cable Row,traps,shoulders,cable,strength,intermediate
Upright Row - With Bands,traps,shoulders,bands,strength,beginner
Upward Stretch,shoulders,"chest, lats",,stretching,beginner
V-Bar Pulldown,lats,"biceps, middle back, shoulders",cable,strength,intermediate
V-Bar Pullup,lats,"biceps, middle back, shoulders",body only,strength,beginner
Vertical Swing,hamstrings,"glutes, quadriceps, shoulders",dumbbell,plyometrics,beginner
"Walking, Treadmill",quadriceps,"calves, glutes, hamstrings",machine,cardio,beginner
Weighted Ball Hyperextension,lower back,"glutes, hamstrings, middle back",exercise ball,strength,intermediate
Weighted Ball Side Bend,abdominals,,exercise ball,strength,intermediate
Weighted Bench Dip,triceps,"chest, shoulders",other,strength,intermediate
Weighted Crunches,abdominals,,medicine ball,strength,beginner
Weighted Jump Squat,quadriceps,"calves, glutes, hamstrings, lower back",barbell,strength,intermediate
Weighted Pull Ups,lats,"biceps, middle back",other,strength,intermediate
Weighted Sissy Squat,quadriceps,"calves, glutes, hamstrings",barbell,strength,expert
Weighted Sit-Ups - With Bands,abdominals,,other,strength,intermediate
Weighted Squat,quadriceps,"calves, glutes, hamstrings",other,strength,intermediate
Wide-Grip Barbell Bench Press,chest,"shoulders, triceps",barbell,strength,intermediate
Wide-Grip Decline Barbell Bench Press,chest,"shoulders, triceps",barbell,strength,intermediate
Wide-Grip Decline Barbell Pullover,chest,"shoulders, triceps",barbell,strength,intermediate
Wide-Grip Lat Pulldown,lats,"biceps, middle back, shoulders",cable,strength,beginner
Wide-Grip Pulldown Behind The Neck,lats,"biceps, middle back, shoulders",cable,strength,intermediate
Wide-Grip Rear Pull-Up,lats,"biceps, middle back, shoulders",body only,strength,intermediate
Wide-Grip Standing Barbell Curl,biceps,,barbell,strength,beginner
Wide Stance Barbell Squat,quadriceps,"calves, glutes, hamstrings, lower back",barbell,strength,intermediate
Wide Stance Stiff Legs,hamstrings,"adductors, glutes, lower back",barbell,olympic weightlifting,intermediate
Wind Sprints,abdominals,,body only,strength,beginner
Windmills,abductors,"glutes, hamstrings, lower back",,stretching,intermediate
World's Greatest Stretch,hamstrings,"calves, glutes, quadriceps",,stretching,intermediate
Wrist Circles,forearms,,body only,stretching,beginner
Wrist Roller,forearms,shoulders,other,strength,beginner
Wrist Rotations with Straight Bar,forearms,,barbell,strength,beginner
Yoke Walk,quadriceps,"abdominals, abductors, adductors, calves, glutes, hamstrings, lower back",other,strongman,intermediate
Zercher Squats,quadriceps,"calves, glutes, hamstrings",barbell,strength,expert
Zottman Curl,biceps,forearms,dumbbell,strength,intermediate
Zottman Preacher Curl,biceps,forearms,dumbbell,strength,intermediate
